{
  "v1": {
    "n_samples": 253,
    "n_features": 16,
    "target_mean": 1692.110671936759,
    "target_std": 380.0400923982919,
    "target_min": 722.0,
    "target_max": 2556.0,
    "features": {
      "city_name": {
        "mean": 7.723290606088045e-17,
        "std": 1.0019821625000387,
        "min": -1.7792513492570805,
        "max": 1.720555469789188
      },
      "country": {
        "mean": -7.723290606088045e-17,
        "std": 1.001982162500039,
        "min": -1.6776573434454225,
        "max": 1.497938906721971
      },
      "location_id": {
        "mean": 3.089316242435218e-16,
        "std": 1.001982162500039,
        "min": -1.7147384673133967,
        "max": 1.7754315358478214
      },
      "num_users": {
        "mean": 6.319055950435674e-17,
        "std": 1.0019821625000387,
        "min": -0.7182105277685669,
        "max": 2.3878965410425
      },
      "avg_age": {
        "mean": -1.895716785130702e-16,
        "std": 1.001982162500039,
        "min": -1.8453901053576416,
        "max": 1.85968599469532
      },
      "std_age": {
        "mean": -4.2127039669571154e-17,
        "std": 1.001982162500039,
        "min": -0.6047440396953361,
        "max": 3.0313383915395837
      },
      "min_age": {
        "mean": -2.1765637162611765e-16,
        "std": 1.0019821625000387,
        "min": -1.4808887527928771,
        "max": 1.9571544823343043
      },
      "max_age": {
        "mean": -2.948892776869981e-16,
        "std": 1.0019821625000387,
        "min": -1.9264070017266623,
        "max": 1.5168227376084953
      },
      "admin_ratio": {
        "mean": 1.895716785130702e-16,
        "std": 1.001982162500039,
        "min": -1.0824747079068335,
        "max": 1.187133864748655
      },
      "description": {
        "mean": 1.2638111900871348e-16,
        "std": 1.0019821625000387,
        "min": -1.7128486134384409,
        "max": 1.7522157417915014
      },
      "region": {
        "mean": 6.538467615381357e-17,
        "std": 1.001982162500039,
        "min": -1.6711527700663145,
        "max": 1.695102411675545
      },
      "desc_length": {
        "mean": 5.564279823022524e-16,
        "std": 1.001982162500039,
        "min": -2.4773709997444144,
        "max": 2.524970501660877
      },
      "is_touristique": {
        "mean": 3.6861159710874766e-17,
        "std": 1.0019821625000387,
        "min": -1.3228756555322954,
        "max": 0.7559289460184545
      },
      "is_capitale": {
        "mean": 4.0371746350005693e-17,
        "std": 1.001982162500039,
        "min": -0.4397683781436477,
        "max": 2.273924296742764
      },
      "is_historique": {
        "mean": 8.425407933914231e-17,
        "std": 1.0019821625000387,
        "min": -0.4525062483125561,
        "max": 2.2099142359450417
      },
      "is_moderne": {
        "mean": 0.0,
        "std": 0.0,
        "min": 0.0,
        "max": 0.0
      }
    }
  },
  "v2": {
    "n_samples": 422,
    "n_features": 16,
    "target_mean": 1695.3341232227488,
    "target_std": 411.23409625264037,
    "target_min": 564.0,
    "target_max": 2652.0,
    "features": {
      "city_name": {
        "mean": -1.0523440991707645e-16,
        "std": 1.0011869440379824,
        "min": -1.7889682862604983,
        "max": 1.789502064018203
      },
      "country": {
        "mean": -8.103049563614886e-17,
        "std": 1.0011869440379821,
        "min": -1.7814318535623177,
        "max": 1.5993558260109768
      },
      "location_id": {
        "mean": 3.1570322975122934e-17,
        "std": 1.0011869440379824,
        "min": -1.761837112035827,
        "max": 1.7324458078550278
      },
      "num_users": {
        "mean": 3.3675011173464466e-17,
        "std": 1.0011869440379821,
        "min": -0.7309141591036433,
        "max": 3.2922916036146725
      },
      "avg_age": {
        "mean": 3.2201729434625396e-16,
        "std": 1.0011869440379824,
        "min": -1.89244208433562,
        "max": 1.90425947144692
      },
      "std_age": {
        "mean": 7.050705464444122e-17,
        "std": 1.0011869440379821,
        "min": -0.6294821158151935,
        "max": 3.1541153418930503
      },
      "min_age": {
        "mean": 3.051797887595217e-16,
        "std": 1.0011869440379821,
        "min": -1.459036957524683,
        "max": 1.9954074767750083
      },
      "max_age": {
        "mean": 5.0512516760196693e-17,
        "std": 1.0011869440379824,
        "min": -1.9811378983457344,
        "max": 1.4766354261525223
      },
      "admin_ratio": {
        "mean": 1.2628129190049173e-17,
        "std": 1.0011869440379821,
        "min": -1.1059725367427895,
        "max": 1.191256719231569
      },
      "description": {
        "mean": -5.472189315687975e-17,
        "std": 1.0011869440379824,
        "min": -1.6702974604843368,
        "max": 1.7580470199201723
      },
      "region": {
        "mean": -1.6837505586732233e-17,
        "std": 1.0011869440379821,
        "min": -1.621779952052376,
        "max": 1.8173715040586929
      },
      "desc_length": {
        "mean": 7.99781515369781e-17,
        "std": 1.0011869440379824,
        "min": -2.591947579695124,
        "max": 2.4741216754804904
      },
      "is_touristique": {
        "mean": -8.839690433034422e-17,
        "std": 1.0011869440379824,
        "min": -1.2861135448763712,
        "max": 0.7775363256096691
      },
      "is_capitale": {
        "mean": 1.6837505586732233e-17,
        "std": 1.0011869440379826,
        "min": -0.4649067955303078,
        "max": 2.150968773986891
      },
      "is_historique": {
        "mean": -2.5256258380098347e-17,
        "std": 1.0011869440379824,
        "min": -0.4266999286754718,
        "max": 2.3435673005714373
      },
      "is_moderne": {
        "mean": 0.0,
        "std": 0.0,
        "min": 0.0,
        "max": 0.0
      }
    }
  },
  "v3": {
    "n_samples": 504,
    "n_features": 16,
    "target_mean": 1708.8214285714287,
    "target_std": 424.194931391493,
    "target_min": 564.0,
    "target_max": 2717.0,
    "features": {
      "city_name": {
        "mean": -8.635067969306773e-17,
        "std": 1.0009935422222145,
        "min": -1.7729881832209096,
        "max": 1.777010637591422
      },
      "country": {
        "mean": -1.356939252319636e-16,
        "std": 1.0009935422222145,
        "min": -1.6937450297676495,
        "max": 1.596705235683721
      },
      "location_id": {
        "mean": 1.409807015397024e-17,
        "std": 1.0009935422222145,
        "min": -0.5303802799682557,
        "max": 3.813029565123893
      },
      "num_users": {
        "mean": -9.692423230854541e-17,
        "std": 1.0009935422222145,
        "min": -0.7907918454784704,
        "max": 2.8215261918733336
      },
      "avg_age": {
        "mean": -5.145795606199139e-16,
        "std": 1.0009935422222145,
        "min": -1.9119930380049088,
        "max": 1.9049734346339455
      },
      "std_age": {
        "mean": 4.1413081077287586e-17,
        "std": 1.0009935422222145,
        "min": -0.6767997394722315,
        "max": 3.0902464421712863
      },
      "min_age": {
        "mean": 2.431917101559867e-16,
        "std": 1.0009935422222145,
        "min": -1.4302517235354613,
        "max": 2.012109673144317
      },
      "max_age": {
        "mean": -1.163090787702545e-16,
        "std": 1.0009935422222145,
        "min": -2.033840961273412,
        "max": 1.462654244463255
      },
      "admin_ratio": {
        "mean": 2.6433881538694203e-16,
        "std": 1.0009935422222147,
        "min": -1.1113812643893324,
        "max": 1.214462445661474
      },
      "description": {
        "mean": -9.69242323085454e-18,
        "std": 1.0009935422222147,
        "min": -1.75265883345829,
        "max": 1.714679999127544
      },
      "region": {
        "mean": 1.427429603089487e-16,
        "std": 1.0009935422222145,
        "min": -1.659279713422342,
        "max": 1.751311540920482
      },