feature,importance
desc_length,0.22094958515734156
is_touristique^2,0.16191990931309794
is_touristique,0.16043400997457405
is_capitale users_desc_interaction,0.10696858533141826
min_age admin_ratio,0.10065256551082438
std_age age_admin_interaction,0.06835888875389999
num_users age_admin_interaction,0.06013378378039143
avg_age admin_ratio,0.04642757209705938
age_admin_interaction,0.04222074248534428
num_users,0.03193435759604871
